customer_id,email,name,created_at,updated_at
1,customer1@example.com,Customer 1,2025-03-06 03:09:47,2025-03-06 03:09:47
2,customer2@example.com,Customer 2,2025-03-02 21:56:54,2025-03-02 21:56:54
3,customer3@example.com,Customer 3,2025-03-02 23:47:29,2025-03-02 23:47:29
4,customer4@example.com,Customer 4,2025-03-08 08:55:13,2025-03-08 08:55:13
5,customer5@example.com,Customer 5,2025-03-06 16:35:39,2025-03-06 16:35:39
6,customer6@example.com,Customer 6,2025-03-09 03:16:08,2025-03-09 03:16:08
7,customer7@example.com,Customer 7,2025-03-07 18:31:36,2025-03-07 18:31:36
8,customer8@example.com,Customer 8,2025-03-14 07:59:57,2025-03-14 07:59:57
9,customer9@example.com,Customer 9,2025-03-15 19:29:50,2025-03-15 19:29:50
10,customer10@example.com,Customer 10,2025-03-01 07:40:43,2025-03-01 07:40:43
11,customer11@example.com,Customer 11,2025-03-12 11:31:01,2025-03-12 11:31:01
12,customer12@example.com,Customer 12,2025-03-03 11:48:49,2025-03-03 11:48:49
13,customer13@example.com,Customer 13,2025-03-03 17:45:28,2025-03-03 17:45:28
14,customer14@example.com,Customer 14,2025-03-16 17:51:29,2025-03-16 17:51:29
15,customer15@example.com,Customer 15,2025-03-14 13:39:47,2025-03-14 13:39:47
16,customer16@example.com,Customer 16,2025-03-15 02:54:36,2025-03-15 02:54:36
17,customer17@example.com,Customer 17,2025-03-04 15:36:04,2025-03-04 15:36:04
18,customer18@example.com,Customer 18,2025-03-02 16:31:53,2025-03-02 16:31:53
19,customer19@example.com,Customer 19,2025-03-09 09:34:19,2025-03-09 09:34:19
20,customer20@example.com,Customer 20,2025-03-14 13:40:00,2025-03-14 13:40:00
21,customer21@example.com,Customer 21,2025-03-01 03:42:24,2025-03-01 03:42:24
22,customer22@example.com,Customer 22,2025-03-10 04:40:01,2025-03-10 04:40:01
23,customer23@example.com,Customer 23,2025-03-05 18:23:13,2025-03-05 18:23:13
24,customer24@example.com,Customer 24,2025-03-10 10:05:28,2025-03-10 10:05:28
25,customer25@example.com,Customer 25,2025-03-02 13:53:11,2025-03-02 13:53:11
26,customer26@example.com,Customer 26,2025-03-02 10:12:13,2025-03-02 10:12:13
27,customer27@example.com,Customer 27,2025-03-06 19:06:20,2025-03-06 19:06:20
28,customer28@example.com,Customer 28,2025-03-12 14:51:10,2025-03-12 14:51:10
29,customer29@example.com,Customer 29,2025-03-01 11:41:20,2025-03-01 11:41:20
30,customer30@example.com,Customer 30,2025-03-13 12:02:26,2025-03-13 12:02:26
31,customer31@example.com,Customer 31,2025-03-03 13:35:38,2025-03-03 13:35:38
32,customer32@example.com,Customer 32,2025-03-15 16:19:11,2025-03-15 16:19:11
33,customer33@example.com,Customer 33,2025-03-15 18:37:22,2025-03-15 18:37:22
34,customer34@example.com,Customer 34,2025-03-07 11:38:13,2025-03-07 11:38:13
35,customer35@example.com,Customer 35,2025-03-15 16:49:50,2025-03-15 16:49:50
36,customer36@example.com,Customer 36,2025-03-17 11:14:23,2025-03-17 11:14:23
37,customer37@example.com,Customer 37,2025-03-14 10:52:57,2025-03-14 10:52:57
38,customer38@example.com,Customer 38,2025-03-06 01:50:00,2025-03-06 01:50:00
39,customer39@example.com,Customer 39,2025-03-16 05:50:38,2025-03-16 05:50:38
40,customer40@example.com,Customer 40,2025-03-11 12:06:56,2025-03-11 12:06:56
41,customer41@example.com,Customer 41,2025-03-05 21:11:38,2025-03-05 21:11:38
42,customer42@example.com,Customer 42,2025-03-05 07:34:49,2025-03-05 07:34:49
43,customer43@example.com,Customer 43,2025-03-04 08:58:13,2025-03-04 08:58:13
44,customer44@example.com,Customer 44,2025-03-03 11:09:05,2025-03-03 11:09:05
45,customer45@example.com,Customer 45,2025-03-13 05:17:45,2025-03-13 05:17:45
46,customer46@example.com,Customer 46,2025-03-01 09:02:40,2025-03-01 09:02:40
47,customer47@example.com,Customer 47,2025-03-15 06:37:13,2025-03-15 06:37:13
48,customer48@example.com,Customer 48,2025-03-17 03:00:54,2025-03-17 03:00:54
49,customer49@example.com,Customer 49,2025-03-08 09:09:35,2025-03-08 09:09:35
50,customer50@example.com,Customer 50,2025-03-17 14:14:53,2025-03-17 14:14:53
51,customer51@example.com,Customer 51,2025-03-03 02:47:35,2025-03-03 02:47:35
52,customer52@example.com,Customer 52,2025-03-05 08:31:24,2025-03-05 08:31:24
53,customer53@example.com,Customer 53,2025-03-03 10:12:13,2025-03-03 10:12:13
54,customer54@example.com,Customer 54,2025-03-12 12:07:34,2025-03-12 12:07:34
55,customer55@example.com,Customer 55,2025-03-05 04:09:58,2025-03-05 04:09:58
56,customer56@example.com,Customer 56,2025-03-08 16:48:34,2025-03-08 16:48:34
57,customer57@example.com,Customer 57,2025-03-08 11:58:21,2025-03-08 11:58:21
58,customer58@example.com,Customer 58,2025-03-11 21:13:57,2025-03-11 21:13:57
59,customer59@example.com,Customer 59,2025-03-08 16:52:09,2025-03-08 16:52:09
60,customer60@example.com,Customer 60,2025-03-05 15:00:43,2025-03-05 15:00:43
61,customer61@example.com,Customer 61,2025-03-06 10:02:29,2025-03-06 10:02:29
62,customer62@example.com,Customer 62,2025-03-17 07:56:24,2025-03-17 07:56:24
63,customer63@example.com,Customer 63,2025-03-16 03:50:52,2025-03-16 03:50:52
64,customer64@example.com,Customer 64,2025-03-14 07:22:48,2025-03-14 07:22:48
65,customer65@example.com,Customer 65,2025-03-16 12:06:16,2025-03-16 12:06:16
66,customer66@example.com,Customer 66,2025-03-09 13:44:09,2025-03-09 13:44:09
67,customer67@example.com,Customer 67,2025-03-07 12:13:37,2025-03-07 12:13:37
68,customer68@example.com,Customer 68,2025-03-08 15:05:29,2025-03-08 15:05:29
69,customer69@example.com,Customer 69,2025-03-14 19:22:59,2025-03-14 19:22:59
70,customer70@example.com,Customer 70,2025-03-09 15:50:24,2025-03-09 15:50:24
71,customer71@example.com,Customer 71,2025-03-06 00:08:38,2025-03-06 00:08:38
72,customer72@example.com,Customer 72,2025-03-10 15:58:16,2025-03-10 15:58:16
73,customer73@example.com,Customer 73,2025-03-15 08:56:22,2025-03-15 08:56:22
74,customer74@example.com,Customer 74,2025-03-11 05:17:59,2025-03-11 05:17:59
75,customer75@example.com,Customer 75,2025-03-01 13:42:11,2025-03-01 13:42:11
76,customer76@example.com,Customer 76,2025-03-05 03:08:47,2025-03-05 03:08:47
77,customer77@example.com,Customer 77,2025-03-08 04:27:15,2025-03-08 04:27:15
78,customer78@example.com,Customer 78,2025-03-05 11:28:56,2025-03-05 11:28:56
79,customer79@example.com,Customer 79,2025-03-12 08:47:05,2025-03-12 08:47:05
80,customer80@example.com,Customer 80,2025-03-09 19:35:19,2025-03-09 19:35:19
81,customer81@example.com,Customer 81,2025-03-16 22:14:00,2025-03-16 22:14:00
82,customer82@example.com,Customer 82,2025-03-13 16:05:31,2025-03-13 16:05:31
83,customer83@example.com,Customer 83,2025-03-09 02:41:34,2025-03-09 02:41:34
84,customer84@example.com,Customer 84,2025-03-17 15:47:06,2025-03-17 15:47:06
85,customer85@example.com,Customer 85,2025-03-10 03:57:51,2025-03-10 03:57:51
86,customer86@example.com,Customer 86,2025-03-16 05:34:13,2025-03-16 05:34:13
87,customer87@example.com,Customer 87,2025-03-02 19:44:17,2025-03-02 19:44:17
88,customer88@example.com,Customer 88,2025-03-01 14:51:10,2025-03-01 14:51:10
89,customer89@example.com,Customer 89,2025-03-15 22:35:01,2025-03-15 22:35:01
90,customer90@example.com,Customer 90,2025-03-17 10:26:02,2025-03-17 10:26:02
91,customer91@example.com,Customer 91,2025-03-12 13:09:30,2025-03-12 13:09:30
92,customer92@example.com,Customer 92,2025-03-12 10:09:13,2025-03-12 10:09:13
93,customer93@example.com,Customer 93,2025-03-08 12:41:17,2025-03-08 12:41:17
94,customer94@example.com,Customer 94,2025-03-12 07:06:48,2025-03-12 07:06:48
95,customer95@example.com,Customer 95,2025-03-03 13:31:14,2025-03-03 13:31:14
96,customer96@example.com,Customer 96,2025-03-09 22:32:28,2025-03-09 22:32:28
97,customer97@example.com,Customer 97,2025-03-17 02:54:20,2025-03-17 02:54:20
98,customer98@example.com,Customer 98,2025-03-06 01:44:10,2025-03-06 01:44:10
99,customer99@example.com,Customer 99,2025-03-10 12:25:19,2025-03-10 12:25:19
100,customer100@example.com,Customer 100,2025-03-17 07:04:48,2025-03-17 07:04:48
